filename,width,height,class,xmin,ymin,xmax,ymax
CCTV_Cheetos_55_F_2023_08_17_180802.jpg,2048,1536,CheetosTorciditos_55_F,920,601,1277,1158
CCTV_Cheetos_55_F_2023_08_17_180805.jpg,2048,1536,CheetosTorciditos_55_F,808,573,1400,1164
CCTV_Cheetos_55_F_2023_08_17_180807.jpg,2048,1536,CheetosTorciditos_55_F,788,681,1398,1024
CCTV_Cheetos_55_F_2023_08_17_180810.jpg,2048,1536,CheetosTorciditos_55_F,822,575,1416,1152
CCTV_Cheetos_55_F_2023_08_17_180812.jpg,2048,1536,CheetosTorciditos_55_F,957,591,1296,1128
CCTV_Cheetos_55_F_2023_08_17_180814.jpg,2048,1536,CheetosTorciditos_55_F,820,568,1441,1134
CCTV_Cheetos_55_F_2023_08_17_180817.jpg,2048,1536,CheetosTorciditos_55_F,822,670,1416,960
CCTV_Cheetos_55_F_2023_08_17_180819.jpg,2048,1536,CheetosTorciditos_55_F,818,530,1416,1122
CCTV_Cheetos_55_F_2023_08_17_180823.jpg,2048,1536,CheetosTorciditos_55_F,1335,170,1643,587
CCTV_Cheetos_55_F_2023_08_17_180826.jpg,2048,1536,CheetosTorciditos_55_F,1216,154,1731,556
CCTV_Cheetos_55_F_2023_08_17_180828.jpg,2048,1536,CheetosTorciditos_55_F,1231,189,1698,448
CCTV_Cheetos_55_F_2023_08_17_180831.jpg,2048,1536,CheetosTorciditos_55_F,1277,150,1708,542
CCTV_Cheetos_55_F_2023_08_17_180834.jpg,2048,1536,CheetosTorciditos_55_F,1386,160,1710,519
CCTV_Cheetos_55_F_2023_08_17_180837.jpg,2048,1536,CheetosTorciditos_55_F,1257,150,1769,528
CCTV_Cheetos_55_F_2023_08_17_180840.jpg,2048,1536,CheetosTorciditos_55_F,1267,209,1741,422
CCTV_Cheetos_55_F_2023_08_17_180917.png,2048,1536,CheetosTorciditos_55_F,149,784,604,1365
CCTV_Cheetos_55_F_2023_08_17_180921.png,2048,1536,CheetosTorciditos_55_F,79,786,575,1380
CCTV_Cheetos_55_F_2023_08_17_180926.png,2048,1536,CheetosTorciditos_55_F,996,310,1318,774
CCTV_Cheetos_55_F_2023_08_17_180928.png,2048,1536,CheetosTorciditos_55_F,1277,706,1575,1278
CCTV_Cheetos_55_F_2023_08_17_180933.png,2048,1536,CheetosTorciditos_55_F,279,429,581,882
CCTV_Churrumais_70_F_2023_08_17_165036.jpg,2048,1536,Churrumais_70_F,908,564,1243,1095
CCTV_Churrumais_70_F_2023_08_17_165039.jpg,2048,1536,Churrumais_70_F,790,536,1388,1064
CCTV_Churrumais_70_F_2023_08_17_165041.jpg,2048,1536,Churrumais_70_F,796,644,1361,946
CCTV_Churrumais_70_F_2023_08_17_165044.jpg,2048,1536,Churrumais_70_F,779,503,1343,1042
CCTV_Churrumais_70_F_2023_08_17_165046.jpg,2048,1536,Churrumais_70_F,849,505,1200,1001
CCTV_Churrumais_70_F_2023_08_17_165049.jpg,2048,1536,Churrumais_70_F,763,472,1306,1030
CCTV_Churrumais_70_F_2023_08_17_165051.jpg,2048,1536,Churrumais_70_F,726,560,1284,881
CCTV_Churrumais_70_F_2023_08_17_165054.jpg,2048,1536,Churrumais_70_F,728,428,1281,975
CCTV_Churrumais_70_F_2023_08_17_165101.jpg,2048,1536,Churrumais_70_F,1335,154,1653,546
CCTV_Churrumais_70_F_2023_08_17_165104.jpg,2048,1536,Churrumais_70_F,1263,158,1749,538
CCTV_Churrumais_70_F_2023_08_17_165107.jpg,2048,1536,Churrumais_70_F,1277,201,1726,430
CCTV_Churrumais_70_F_2023_08_17_165110.jpg,2048,1536,Churrumais_70_F,1326,122,1694,505
CCTV_Churrumais_70_F_2023_08_17_165112.jpg,2048,1536,Churrumais_70_F,1363,136,1702,499
CCTV_Churrumais_70_F_2023_08_17_165115.jpg,2048,1536,Churrumais_70_F,1273,99,1755,477
CCTV_Churrumais_70_F_2023_08_17_165118.jpg,2048,1536,Churrumais_70_F,1284,148,1728,389
CCTV_Churrumais_70_F_2023_08_17_165204.png,2048,1536,Churrumais_70_F,186,812,490,1333
CCTV_Churrumais_70_F_2023_08_17_165206.png,2048,1536,Churrumais_70_F,130,810,624,1376
CCTV_Churrumais_70_F_2023_08_17_165208.png,2048,1536,Churrumais_70_F,157,896,647,1206
CCTV_Churrumais_70_F_2023_08_17_165210.png,2048,1536,Churrumais_70_F,120,778,604,1355
CCTV_Churrumais_70_F_2023_08_17_165214.png,2048,1536,Churrumais_70_F,1428,873,1741,1423
CCTV_Chu_Fri_Chee_2023_08_17_181324.jpg,2048,1536,Churrumais_70_F,71,615,343,1115
CCTV_Chu_Fri_Chee_2023_08_17_181324.jpg,2048,1536,FritosSalLimon_65_F,288,617,592,1128
CCTV_Chu_Fri_Chee_2023_08_17_181324.jpg,2048,1536,CheetosTorciditos_55_F,561,605,869,1162
CCTV_Chu_Fri_Chee_2023_08_17_181327.jpg,2048,1536,CheetosTorciditos_55_F,355,472,888,966
CCTV_Chu_Fri_Chee_2023_08_17_181327.jpg,2048,1536,FritosSalLimon_65_F,173,621,661,1138
CCTV_Chu_Fri_Chee_2023_08_17_181327.jpg,2048,1536,Churrumais_70_F,14,828,514,1348
CCTV_Chu_Fri_Chee_2023_08_17_181330.jpg,2048,1536,CheetosTorciditos_55_F,220,515,735,768
CCTV_Chu_Fri_Chee_2023_08_17_181330.jpg,2048,1536,FritosSalLimon_65_F,161,734,655,1021
CCTV_Chu_Fri_Chee_2023_08_17_181330.jpg,2048,1536,Churrumais_70_F,118,997,628,1303
CCTV_Chu_Fri_Chee_2023_08_17_181332.jpg,2048,1536,CheetosTorciditos_55_F,84,442,561,903
CCTV_Chu_Fri_Chee_2023_08_17_181332.jpg,2048,1536,FritosSalLimon_65_F,145,621,675,1126
CCTV_Chu_Fri_Chee_2023_08_17_181332.jpg,2048,1536,Churrumais_70_F,255,834,822,1356
CCTV_Chu_Fri_Chee_2023_08_17_181335.jpg,2048,1536,CheetosTorciditos_55_F,63,607,371,1081
CCTV_Chu_Fri_Chee_2023_08_17_181335.jpg,2048,1536,FritosSalLimon_65_F,284,630,592,1152
CCTV_Chu_Fri_Chee_2023_08_17_181335.jpg,2048,1536,Churrumais_70_F,526,658,857,1183
CCTV_Chu_Fri_Chee_2023_08_17_181337.jpg,2048,1536,Churrumais_70_F,449,493,928,1034
CCTV_Chu_Fri_Chee_2023_08_17_181337.jpg,2048,1536,FritosSalLimon_65_F,228,603,698,1168
CCTV_Chu_Fri_Chee_2023_08_17_181337.jpg,2048,1536,CheetosTorciditos_55_F,39,732,453,1279
CCTV_Chu_Fri_Chee_2023_08_17_181340.jpg,2048,1536,Churrumais_70_F,253,493,739,758
CCTV_Chu_Fri_Chee_2023_08_17_181340.jpg,2048,1536,FritosSalLimon_65_F,181,722,692,1024
CCTV_Chu_Fri_Chee_2023_08_17_181340.jpg,2048,1536,CheetosTorciditos_55_F,104,946,604,1293
CCTV_Chu_Fri_Chee_2023_08_17_181343.jpg,2048,1536,Churrumais_70_F,110,397,582,873
CCTV_Chu_Fri_Chee_2023_08_17_181343.jpg,2048,1536,FritosSalLimon_65_F,184,587,722,1089
CCTV_Chu_Fri_Chee_2023_08_17_181343.jpg,2048,1536,CheetosTorciditos_55_F,271,781,853,1352
CCTV_Chu_Fri_Chee_2023_08_17_181349.jpg,2048,1536,Churrumais_70_F,626,840,973,1421
CCTV_Chu_Fri_Chee_2023_08_17_181349.jpg,2048,1536,FritosSalLimon_65_F,931,821,1284,1407
CCTV_Chu_Fri_Chee_2023_08_17_181349.jpg,2048,1536,CheetosTorciditos_55_F,1224,809,1594,1393
CCTV_Chu_Fri_Chee_2023_08_17_181353.jpg,2048,1536,Churrumais_70_F,675,1005,1331,1536
CCTV_Chu_Fri_Chee_2023_08_17_181353.jpg,2048,1536,FritosSalLimon_65_F,855,760,1488,1332
CCTV_Chu_Fri_Chee_2023_08_17_181353.jpg,2048,1536,CheetosTorciditos_55_F,1063,572,1669,1107
CCTV_Chu_Fri_Chee_2023_08_17_181356.jpg,2048,1536,CheetosTorciditos_55_F,955,581,1518,879
CCTV_Chu_Fri_Chee_2023_08_17_181356.jpg,2048,1536,FritosSalLimon_65_F,947,832,1549,1162
CCTV_Chu_Fri_Chee_2023_08_17_181356.jpg,2048,1536,Churrumais_70_F,951,1109,1545,1456
CCTV_Chu_Fri_Chee_2023_08_17_181358.jpg,2048,1536,CheetosTorciditos_55_F,786,532,1373,1083
CCTV_Chu_Fri_Chee_2023_08_17_181358.jpg,2048,1536,FritosSalLimon_65_F,977,724,1579,1313
CCTV_Chu_Fri_Chee_2023_08_17_181358.jpg,2048,1536,Churrumais_70_F,1177,926,1759,1521
CCTV_Chu_Fri_Chee_2023_08_17_181402.jpg,2048,1536,CheetosTorciditos_55_F,865,683,1196,1250
CCTV_Chu_Fri_Chee_2023_08_17_181402.jpg,2048,1536,FritosSalLimon_65_F,1179,713,1494,1270
CCTV_Chu_Fri_Chee_2023_08_17_181402.jpg,2048,1536,Churrumais_70_F,1475,744,1757,1293
CCTV_Chu_Fri_Chee_2023_08_17_181404.jpg,2048,1536,CheetosTorciditos_55_F,814,791,1435,1411
CCTV_Chu_Fri_Chee_2023_08_17_181404.jpg,2048,1536,FritosSalLimon_65_F,1077,644,1655,1240
CCTV_Chu_Fri_Chee_2023_08_17_181404.jpg,2048,1536,Churrumais_70_F,1308,530,1833,1070
CCTV_Chu_Fri_Chee_2023_08_17_181407.jpg,2048,1536,Churrumais_70_F,1124,507,1630,781
CCTV_Chu_Fri_Chee_2023_08_17_181407.jpg,2048,1536,FritosSalLimon_65_F,1084,752,1653,1064
CCTV_Chu_Fri_Chee_2023_08_17_181407.jpg,2048,1536,CheetosTorciditos_55_F,1008,1026,1620,1346
CCTV_Chu_Fri_Chee_2023_08_17_181410.jpg,2048,1536,Churrumais_70_F,871,454,1430,997
CCTV_Chu_Fri_Chee_2023_08_17_181410.jpg,2048,1536,FritosSalLimon_65_F,1092,605,1667,1164
CCTV_Chu_Fri_Chee_2023_08_17_181410.jpg,2048,1536,CheetosTorciditos_55_F,1263,805,1822,1422
CCTV_Chu_Fri_Chee_2023_08_17_181414.png,2048,1536,Churrumais_70_F,884,176,1175,565
CCTV_Chu_Fri_Chee_2023_08_17_181414.png,2048,1536,FritosSalLimon_65_F,1139,157,1441,547
CCTV_Chu_Fri_Chee_2023_08_17_181414.png,2048,1536,CheetosTorciditos_55_F,1357,178,1673,592
CCTV_Chu_Fri_Chee_2023_08_17_181417.png,2048,1536,Churrumais_70_F,812,273,1359,714
CCTV_Chu_Fri_Chee_2023_08_17_181417.png,2048,1536,FritosSalLimon_65_F,1002,139,1510,557
CCTV_Chu_Fri_Chee_2023_08_17_181417.png,2048,1536,CheetosTorciditos_55_F,1184,74,1677,451
CCTV_Chu_Fri_Chee_2023_08_17_181420.png,2048,1536,CheetosTorciditos_55_F,1043,86,1496,286
CCTV_Chu_Fri_Chee_2023_08_17_181420.png,2048,1536,FritosSalLimon_65_F,988,233,1490,467
CCTV_Chu_Fri_Chee_2023_08_17_181420.png,2048,1536,Churrumais_70_F,957,427,1469,692
CCTV_Chu_Fri_Chee_2023_08_17_181423.png,2048,1536,CheetosTorciditos_55_F,847,51,1318,404
CCTV_Chu_Fri_Chee_2023_08_17_181423.png,2048,1536,FritosSalLimon_65_F,984,169,1483,578
CCTV_Chu_Fri_Chee_2023_08_17_181423.png,2048,1536,Churrumais_70_F,1139,320,1635,765
CCTV_Chu_Fri_Chee_2023_08_17_181426.png,2048,1536,CheetosTorciditos_55_F,896,190,1179,571
CCTV_Chu_Fri_Chee_2023_08_17_181426.png,2048,1536,FritosSalLimon_65_F,1122,192,1437,592
CCTV_Chu_Fri_Chee_2023_08_17_181426.png,2048,1536,Churrumais_70_F,1353,223,1675,618
CCTV_Chu_Fri_Chee_2023_08_17_181428.png,2048,1536,CheetosTorciditos_55_F,777,286,1337,733
CCTV_Chu_Fri_Chee_2023_08_17_181428.png,2048,1536,FritosSalLimon_65_F,992,167,1522,594
CCTV_Chu_Fri_Chee_2023_08_17_181428.png,2048,1536,Churrumais_70_F,1181,94,1647,478
CCTV_Chu_Fri_Chee_2023_08_17_181431.png,2048,1536,Churrumais_70_F,1026,96,1479,290
CCTV_Chu_Fri_Chee_2023_08_17_181431.png,2048,1536,FritosSalLimon_65_F,1000,247,1490,469
CCTV_Chu_Fri_Chee_2023_08_17_181431.png,2048,1536,CheetosTorciditos_55_F,932,435,1483,676
CCTV_Chu_Fri_Chee_2023_08_17_181434.png,2048,1536,Churrumais_70_F,851,35,1320,373
CCTV_Chu_Fri_Chee_2023_08_17_181434.png,2048,1536,FritosSalLimon_65_F,945,157,1461,563
CCTV_Chu_Fri_Chee_2023_08_17_181434.png,2048,1536,CheetosTorciditos_55_F,1063,316,1598,794
CCTV_Chu_Fri_Chee_2023_08_17_181440.png,2048,1536,Churrumais_70_F,359,173,651,539
CCTV_Chu_Fri_Chee_2023_08_17_181440.png,2048,1536,FritosSalLimon_65_F,579,151,849,531
CCTV_Chu_Fri_Chee_2023_08_17_181440.png,2048,1536,CheetosTorciditos_55_F,810,159,1092,561
CCTV_Chu_Fri_Chee_2023_08_17_181647.png,2048,1536,CheetosTorciditos_55_F,439,473,967,747
CCTV_Chu_Fri_Chee_2023_08_17_181647.png,2048,1536,Churrumais_70_F,373,710,953,1045
CCTV_Chu_Fri_Chee_2023_08_17_181647.png,2048,1536,FritosSalLimon_65_F,902,598,1447,918
CCTV_Chu_Fri_Chee_2023_08_17_181652.png,2048,1536,CheetosTorciditos_55_F,375,569,908,845
CCTV_Chu_Fri_Chee_2023_08_17_181652.png,2048,1536,Churrumais_70_F,857,706,1437,1043
CCTV_Chu_Fri_Chee_2023_08_17_181652.png,2048,1536,FritosSalLimon_65_F,873,486,1392,767
CCTV_Chu_Fri_Chee_2023_08_17_181655.png,2048,1536,CheetosTorciditos_55_F,539,437,988,955
CCTV_Chu_Fri_Chee_2023_08_17_181655.png,2048,1536,Churrumais_70_F,863,551,1402,1104
CCTV_Chu_Fri_Chee_2023_08_17_181655.png,2048,1536,FritosSalLimon_65_F,1263,600,1763,1178
CCTV_Chu_Fri_Chee_2023_08_17_181700.png,2048,1536,CheetosTorciditos_55_F,386,535,961,1094
CCTV_Chu_Fri_Chee_2023_08_17_181700.png,2048,1536,Churrumais_70_F,759,533,1322,1108
CCTV_Chu_Fri_Chee_2023_08_17_181700.png,2048,1536,FritosSalLimon_65_F,1179,529,1739,1035
CCTV_Chu_Fri_Chee_2023_08_17_181704.png,2048,1536,FritosSalLimon_65_F,310,302,828,743
CCTV_Chu_Fri_Chee_2023_08_17_181704.png,2048,1536,Churrumais_70_F,633,274,1177,720
CCTV_Chu_Fri_Chee_2023_08_17_181704.png,2048,1536,CheetosTorciditos_55_F,953,363,1514,788
CCTV_Chu_Fri_Chee_2023_08_17_181707.png,2048,1536,FritosSalLimon_65_F,51,747,555,1263
CCTV_Chu_Fri_Chee_2023_08_17_181707.png,2048,1536,Churrumais_70_F,357,763,945,1325
CCTV_Chu_Fri_Chee_2023_08_17_181707.png,2048,1536,CheetosTorciditos_55_F,681,820,1312,1431
CCTV_Chu_Fri_Chee_2023_08_17_181713.png,2048,1536,FritosSalLimon_65_F,92,243,535,627
CCTV_Chu_Fri_Chee_2023_08_17_181713.png,2048,1536,Churrumais_70_F,400,104,796,465
CCTV_Chu_Fri_Chee_2023_08_17_181713.png,2048,1536,CheetosTorciditos_55_F,704,133,1198,547
CCTV_Chu_Fri_Chee_2023_08_17_181717.png,2048,1536,FritosSalLimon_65_F,792,200,1326,508
CCTV_Chu_Fri_Chee_2023_08_17_181717.png,2048,1536,CheetosTorciditos_55_F,1177,357,1698,692
CCTV_Chu_Fri_Chee_2023_08_17_181717.png,2048,1536,Churrumais_70_F,1165,82,1577,425
CCTV_DoritosN_61 y Rancheritos_58_2023_08_16_131730.jpg,2048,1536,Rancheritos_58_F,714,491,1075,1003
CCTV_DoritosN_61 y Rancheritos_58_2023_08_16_131730.jpg,2048,1536,DoritosN_61_F,1428,858,1800,1452
CCTV_DoritosN_61 y Rancheritos_58_2023_08_16_131733.jpg,2048,1536,Rancheritos_58_F,665,460,1267,1040
CCTV_DoritosN_61 y Rancheritos_58_2023_08_16_131733.jpg,2048,1536,DoritosN_61_F,1325,832,1899,1485
CCTV_DoritosN_61 y Rancheritos_58_2023_08_16_131737.jpg,2048,1536,Rancheritos_58_F,739,568,1304,887
CCTV_DoritosN_61 y Rancheritos_58_2023_08_16_131737.jpg,2048,1536,DoritosN_61_F,1328,989,1904,1393
CCTV_DoritosN_61 y Rancheritos_58_2023_08_16_131741.jpg,2048,1536,Rancheritos_58_F,749,438,1365,985
CCTV_DoritosN_61 y Rancheritos_58_2023_08_16_131741.jpg,2048,1536,DoritosN_61_F,1288,879,1902,1517
CCTV_DoritosN_61 y Rancheritos_58_2023_08_16_131744.jpg,2048,1536,Rancheritos_58_F,894,417,1265,919
CCTV_DoritosN_61 y Rancheritos_58_2023_08_16_131744.jpg,2048,1536,DoritosN_61_F,1430,911,1796,1511
CCTV_DoritosN_61 y Rancheritos_58_2023_08_16_131748.jpg,2048,1536,Rancheritos_58_F,779,411,1381,938
CCTV_DoritosN_61 y Rancheritos_58_2023_08_16_131748.jpg,2048,1536,DoritosN_61_F,1281,887,1898,1536
CCTV_DoritosN_61 y Rancheritos_58_2023_08_16_131751.jpg,2048,1536,Rancheritos_58_F,853,501,1394,819
CCTV_DoritosN_61 y Rancheritos_58_2023_08_16_131751.jpg,2048,1536,DoritosN_61_F,1281,1042,1871,1430
CCTV_DoritosN_61 y Rancheritos_58_2023_08_16_131755.jpg,2048,1536,Rancheritos_58_F,859,401,1457,915
CCTV_DoritosN_61 y Rancheritos_58_2023_08_16_131755.jpg,2048,1536,DoritosN_61_F,1239,934,1886,1534
CCTV_DoritosN_61 y Rancheritos_58_2023_08_16_131818.jpg,2048,1536,DoritosN_61_F,833,483,1193,1009
CCTV_DoritosN_61 y Rancheritos_58_2023_08_16_131818.jpg,2048,1536,Rancheritos_58_F,1363,99,1706,472
CCTV_DoritosN_61 y Rancheritos_58_2023_08_16_131823.jpg,2048,1536,DoritosN_61_F,681,426,1306,999
CCTV_DoritosN_61 y Rancheritos_58_2023_08_16_131823.jpg,2048,1536,Rancheritos_58_F,1314,109,1745,517
CCTV_DoritosN_61 y Rancheritos_58_2023_08_16_131827.jpg,2048,1536,DoritosN_61_F,682,517,1269,821
CCTV_DoritosN_61 y Rancheritos_58_2023_08_16_131827.jpg,2048,1536,Rancheritos_58_F,1326,195,1771,460
CCTV_DoritosN_61 y Rancheritos_58_2023_08_16_131831.jpg,2048,1536,DoritosN_61_F,673,403,1269,983
CCTV_DoritosN_61 y Rancheritos_58_2023_08_16_131831.jpg,2048,1536,Rancheritos_58_F,1279,162,1796,597
CCTV_DoritosN_61 y Rancheritos_58_2023_08_16_131835.jpg,2048,1536,DoritosN_61_F,737,399,1124,948
CCTV_DoritosN_61 y Rancheritos_58_2023_08_16_131835.jpg,2048,1536,Rancheritos_58_F,1398,152,1726,562
CCTV_DoritosN_61 y Rancheritos_58_2023_08_16_131839.jpg,2048,1536,DoritosN_61_F,608,381,1233,932
CCTV_DoritosN_61 y Rancheritos_58_2023_08_16_131839.jpg,2048,1536,Rancheritos_58_F,1282,160,1747,587
CCTV_DoritosN_61 y Rancheritos_58_2023_08_16_131955.png,2048,1536,DoritosN_61_F,251,249,749,510
CCTV_DoritosN_61 y Rancheritos_58_2023_08_16_131955.png,2048,1536,Rancheritos_58_F,32,967,530,1347
CCTV_DoritosN_61 y Rancheritos_58_2023_08_16_132005.png,2048,1536,DoritosN_61_F,283,174,743,600
CCTV_DoritosN_61 y Rancheritos_58_2023_08_16_132005.png,2048,1536,Rancheritos_58_F,59,814,530,1380
CCTV_DoritosN_61 y Rancheritos_58_2023_08_16_132142.png,2048,1536,DoritosN_61_F,149,790,506,1374
CCTV_DoritosN_61 y Rancheritos_58_2023_08_16_132142.png,2048,1536,Rancheritos_58_F,1396,831,1753,1384
CCTV_DoritosN_61 y Rancheritos_58_2023_08_16_132205.png,2048,1536,DoritosN_61_F,55,712,612,1300
CCTV_DoritosN_61 y Rancheritos_58_2023_08_16_132205.png,2048,1536,Rancheritos_58_F,1173,798,1747,1457
CCTV_DoritosN_61 y Rancheritos_58_2023_08_16_132209.png,2048,1536,DoritosN_61_F,90,865,606,1220
CCTV_DoritosN_61 y Rancheritos_58_2023_08_16_132209.png,2048,1536,Rancheritos_58_F,1253,953,1802,1357
CCTV_DoritosN_61 y Rancheritos_58_2023_08_16_132213.png,2048,1536,DoritosN_61_F,92,729,584,1343
CCTV_DoritosN_61 y Rancheritos_58_2023_08_16_132213.png,2048,1536,Rancheritos_58_F,1241,892,1841,1520
CCTV_Dori_Ran_Ruff_2023_08_16_133052.jpg,2048,1536,Rancheritos_58_F,449,581,788,1115
CCTV_Dori_Ran_Ruff_2023_08_16_133052.jpg,2048,1536,DoritosN_61_F,757,558,1090,1136
CCTV_Dori_Ran_Ruff_2023_08_16_133052.jpg,2048,1536,RufflesQ_48_F,1061,570,1406,1156
CCTV_Dori_Ran_Ruff_2023_08_16_133056.jpg,2048,1536,DoritosN_61_F,353,591,702,1142
CCTV_Dori_Ran_Ruff_2023_08_16_133056.jpg,2048,1536,RufflesQ_48_F,657,593,998,1170
CCTV_Dori_Ran_Ruff_2023_08_16_133056.jpg,2048,1536,Rancheritos_58_F,982,601,1322,1172
CCTV_Dori_Ran_Ruff_2023_08_16_133100.jpg,2048,1536,RufflesQ_48_F,492,634,863,1221
CCTV_Dori_Ran_Ruff_2023_08_16_133100.jpg,2048,1536,Rancheritos_58_F,853,634,1175,1221
CCTV_Dori_Ran_Ruff_2023_08_16_133100.jpg,2048,1536,DoritosN_61_F,1135,654,1492,1252
CCTV_Dori_Ran_Ruff_2023_08_16_133105.jpg,2048,1536,Rancheritos_58_F,526,638,906,1187
CCTV_Dori_Ran_Ruff_2023_08_16_133105.jpg,2048,1536,RufflesQ_48_F,828,681,1212,1268
CCTV_Dori_Ran_Ruff_2023_08_16_133105.jpg,2048,1536,DoritosN_61_F,1173,654,1506,1260
CCTV_Dori_Ran_Ruff_2023_08_16_133143.jpg,2048,1536,RufflesQ_48_F,459,719,828,1313
CCTV_Dori_Ran_Ruff_2023_08_16_133143.jpg,2048,1536,DoritosN_61_F,779,691,1145,1303
CCTV_Dori_Ran_Ruff_2023_08_16_133143.jpg,2048,1536,Rancheritos_58_F,1114,699,1479,1287
CCTV_Dori_Ran_Ruff_2023_08_16_133155.jpg,2048,1536,DoritosN_61_F,400,670,745,1272
CCTV_Dori_Ran_Ruff_2023_08_16_133155.jpg,2048,1536,Rancheritos_58_F,718,689,1084,1299
CCTV_Dori_Ran_Ruff_2023_08_16_133155.jpg,2048,1536,RufflesQ_48_F,1028,707,1414,1297
CCTV_Dori_Ran_Ruff_2023_08_16_133245.jpg,2048,1536,DoritosN_61_F,433,662,802,1254
CCTV_Dori_Ran_Ruff_2023_08_16_133245.jpg,2048,1536,Rancheritos_58_F,761,672,1110,1232
CCTV_Dori_Ran_Ruff_2023_08_16_133245.jpg,2048,1536,RufflesQ_48_F,1075,675,1465,1222
CCTV_Dori_Ran_Ruff_2023_08_16_133253.jpg,2048,1536,DoritosN_61_F,453,605,855,1193
CCTV_Dori_Ran_Ruff_2023_08_16_133253.jpg,2048,1536,Rancheritos_58_F,781,644,1126,1191
CCTV_Dori_Ran_Ruff_2023_08_16_133253.jpg,2048,1536,RufflesQ_48_F,1081,644,1445,1209
CCTV_Dori_Ran_Ruff_2023_08_16_133302.jpg,2048,1536,Rancheritos_58_F,592,393,1128,658
CCTV_Dori_Ran_Ruff_2023_08_16_133302.jpg,2048,1536,RufflesQ_48_F,551,634,1135,964
CCTV_Dori_Ran_Ruff_2023_08_16_133302.jpg,2048,1536,DoritosN_61_F,490,913,1116,1270
CCTV_Dori_Ran_Ruff_2023_08_16_133307.jpg,2048,1536,DoritosN_61_F,571,395,1126,664
CCTV_Dori_Ran_Ruff_2023_08_16_133307.jpg,2048,1536,RufflesQ_48_F,584,630,1157,958
CCTV_Dori_Ran_Ruff_2023_08_16_133307.jpg,2048,1536,Rancheritos_58_F,520,897,1120,1273
CCTV_Dori_Ran_Ruff_2023_08_16_133317.jpg,2048,1536,RufflesQ_48_F,657,362,1196,650
CCTV_Dori_Ran_Ruff_2023_08_16_133317.jpg,2048,1536,DoritosN_61_F,592,611,1177,928
CCTV_Dori_Ran_Ruff_2023_08_16_133317.jpg,2048,1536,Rancheritos_58_F,606,905,1184,1244
CCTV_Dori_Ran_Ruff_2023_08_16_133323.jpg,2048,1536,RufflesQ_48_F,679,375,1241,689
CCTV_Dori_Ran_Ruff_2023_08_16_133323.jpg,2048,1536,Rancheritos_58_F,614,644,1202,948
CCTV_Dori_Ran_Ruff_2023_08_16_133323.jpg,2048,1536,DoritosN_61_F,582,893,1198,1279
CCTV_Dori_Ran_Ruff_2023_08_16_133329.jpg,2048,1536,Rancheritos_58_F,688,352,1212,593
CCTV_Dori_Ran_Ruff_2023_08_16_133329.jpg,2048,1536,DoritosN_61_F,633,562,1204,899
CCTV_Dori_Ran_Ruff_2023_08_16_133329.jpg,2048,1536,RufflesQ_48_F,602,844,1216,1244
CCTV_Dori_Ran_Ruff_2023_08_16_133334.jpg,2048,1536,Rancheritos_58_F,720,362,1231,644
CCTV_Dori_Ran_Ruff_2023_08_16_133334.jpg,2048,1536,DoritosN_61_F,635,589,1228,905
CCTV_Dori_Ran_Ruff_2023_08_16_133334.jpg,2048,1536,RufflesQ_48_F,608,889,1208,1236
CCTV_Dori_Ran_Ruff_2023_08_16_133340.jpg,2048,1536,RufflesQ_48_F,477,540,843,1038
CCTV_Dori_Ran_Ruff_2023_08_16_133340.jpg,2048,1536,Rancheritos_58_F,224,687,549,1213
CCTV_Dori_Ran_Ruff_2023_08_16_133340.jpg,2048,1536,DoritosN_61_F,1,783,237,1352
CCTV_Dori_Ran_Ruff_2023_08_16_133345.jpg,2048,1536,RufflesQ_48_F,284,421,782,952
CCTV_Dori_Ran_Ruff_2023_08_16_133345.jpg,2048,1536,Rancheritos_58_F,139,666,669,1217
CCTV_Dori_Ran_Ruff_2023_08_16_133345.jpg,2048,1536,DoritosN_61_F,35,907,559,1495
CCTV_Dori_Ran_Ruff_2023_08_16_133436.png,2048,1536,DoritosN_61_F,396,29,826,400
CCTV_Dori_Ran_Ruff_2023_08_16_133436.png,2048,1536,RufflesQ_48_F,286,173,751,637
CCTV_Dori_Ran_Ruff_2023_08_16_133436.png,2048,1536,Rancheritos_58_F,163,388,586,894
CCTV_Dori_Ran_Ruff_2023_08_16_133450.png,2048,1536,Rancheritos_58_F,124,471,614,743
CCTV_Dori_Ran_Ruff_2023_08_16_133450.png,2048,1536,RufflesQ_48_F,216,245,663,492
CCTV_Dori_Ran_Ruff_2023_08_16_133450.png,2048,1536,DoritosN_61_F,267,84,683,290
CCTV_Dori_Ran_Ruff_2023_08_16_133500.png,2048,1536,Rancheritos_58_F,826,178,1171,584
CCTV_Dori_Ran_Ruff_2023_08_16_133500.png,2048,1536,DoritosN_61_F,1061,174,1433,596
CCTV_Dori_Ran_Ruff_2023_08_16_133500.png,2048,1536,RufflesQ_48_F,1349,178,1714,580
CCTV_Dori_Ran_Ruff_2023_08_16_133507.png,2048,1536,Rancheritos_58_F,949,339,1545,782
CCTV_Dori_Ran_Ruff_2023_08_16_133507.png,2048,1536,DoritosN_61_F,1120,176,1667,608
CCTV_Dori_Ran_Ruff_2023_08_16_133507.png,2048,1536,RufflesQ_48_F,1284,69,1747,422
CCTV_Dori_Ran_Ruff_2023_08_16_133510.png,2048,1536,RufflesQ_48_F,1126,90,1571,343
CCTV_Dori_Ran_Ruff_2023_08_16_133510.png,2048,1536,DoritosN_61_F,1122,241,1620,523
CCTV_Dori_Ran_Ruff_2023_08_16_133510.png,2048,1536,Rancheritos_58_F,1100,459,1612,763
CCTV_Dori_Ran_Ruff_2023_08_16_133513.png,2048,1536,RufflesQ_48_F,916,90,1390,557
CCTV_Dori_Ran_Ruff_2023_08_16_133513.png,2048,1536,DoritosN_61_F,1132,159,1598,649
CCTV_Dori_Ran_Ruff_2023_08_16_133513.png,2048,1536,Rancheritos_58_F,1343,327,1796,812
CCTV_Dori_Ran_Ruff_2023_08_16_133516.png,2048,1536,RufflesQ_48_F,939,196,1273,612
CCTV_Dori_Ran_Ruff_2023_08_16_133516.png,2048,1536,DoritosN_61_F,1183,176,1528,588
CCTV_Dori_Ran_Ruff_2023_08_16_133516.png,2048,1536,Rancheritos_58_F,1441,210,1808,612
CCTV_Dori_Ran_Ruff_2023_08_16_133519.png,2048,1536,RufflesQ_48_F,869,274,1473,769
CCTV_Dori_Ran_Ruff_2023_08_16_133519.png,2048,1536,DoritosN_61_F,1067,157,1608,574
CCTV_Dori_Ran_Ruff_2023_08_16_133519.png,2048,1536,Rancheritos_58_F,1277,88,1771,476
CCTV_Dori_Ran_Ruff_2023_08_16_133522.png,2048,1536,Rancheritos_58_F,1096,53,1535,288
CCTV_Dori_Ran_Ruff_2023_08_16_133522.png,2048,1536,DoritosN_61_F,1059,233,1583,459
CCTV_Dori_Ran_Ruff_2023_08_16_133522.png,2048,1536,RufflesQ_48_F,1112,427,1667,722
CCTV_Dori_Ran_Ruff_2023_08_16_133702.png,2048,1536,Rancheritos_58_F,373,286,910,731
CCTV_Dori_Ran_Ruff_2023_08_16_133702.png,2048,1536,DoritosN_61_F,683,496,1288,1057
CCTV_Dori_Ran_Ruff_2023_08_16_133702.png,2048,1536,RufflesQ_48_F,1059,782,1702,1406
CCTV_Dori_Ran_Ruff_2023_08_16_133706.png,2048,1536,Rancheritos_58_F,218,723,802,1341
CCTV_Dori_Ran_Ruff_2023_08_16_133706.png,2048,1536,DoritosN_61_F,588,465,1224,990
CCTV_Dori_Ran_Ruff_2023_08_16_133706.png,2048,1536,RufflesQ_48_F,990,233,1537,649
CCTV_Dori_Ran_Ruff_2023_08_16_133717.png,2048,1536,RufflesQ_48_F,255,237,749,643
CCTV_Dori_Ran_Ruff_2023_08_16_133717.png,2048,1536,DoritosN_61_F,541,447,1141,1037
CCTV_Dori_Ran_Ruff_2023_08_16_133717.png,2048,1536,Rancheritos_58_F,945,725,1571,1306
CCTV_Dori_Ran_Ruff_2023_08_16_133746.png,2048,1536,Rancheritos_58_F,551,245,1043,504
CCTV_Dori_Ran_Ruff_2023_08_16_133746.png,2048,1536,DoritosN_61_F,481,402,1004,986
CCTV_Dori_Ran_Ruff_2023_08_16_133746.png,2048,1536,RufflesQ_48_F,345,871,965,1329
CCTV_Dori_Ran_Ruff_2023_08_16_133757.png,2048,1536,DoritosN_61_F,257,710,851,1273
CCTV_Dori_Ran_Ruff_2023_08_16_133757.png,2048,1536,Rancheritos_58_F,412,500,1022,1006
CCTV_Dori_Ran_Ruff_2023_08_16_133757.png,2048,1536,RufflesQ_48_F,632,320,1198,812
CCTV_Dori_Ran_Ruff_2023_08_16_133800.png,2048,1536,RufflesQ_48_F,855,218,1441,629
CCTV_Dori_Ran_Ruff_2023_08_16_133800.png,2048,1536,Rancheritos_58_F,932,445,1518,808
CCTV_Dori_Ran_Ruff_2023_08_16_133800.png,2048,1536,DoritosN_61_F,1081,594,1712,1065
CCTV_Dori_Ran_Ruff_2023_08_16_151658.png,2048,1536,Rancheritos_58_F,14,684,453,1247
CCTV_Dori_Ran_Ruff_2023_08_16_151658.png,2048,1536,DoritosN_61_F,222,537,716,1114
CCTV_Dori_Ran_Ruff_2023_08_16_151658.png,2048,1536,RufflesQ_48_F,688,267,1218,563
CCTV_Dori_Ran_Ruff_2023_08_16_151703.png,2048,1536,Rancheritos_58_F,1055,606,1659,1204
CCTV_Dori_Ran_Ruff_2023_08_16_151703.png,2048,1536,DoritosN_61_F,1300,471,1859,1027
CCTV_Dori_Ran_Ruff_2023_08_16_151703.png,2048,1536,RufflesQ_48_F,455,335,830,847
CCTV_FritosLyS_65_F_2023_08_17_180041.jpg,2048,1536,FritosSalLimon_65_F,861,568,1188,1103
CCTV_FritosLyS_65_F_2023_08_17_180045.jpg,2048,1536,FritosSalLimon_65_F,788,548,1326,1144
CCTV_FritosLyS_65_F_2023_08_17_180047.jpg,2048,1536,FritosSalLimon_65_F,765,632,1345,944
CCTV_FritosLyS_65_F_2023_08_17_180050.jpg,2048,1536,FritosSalLimon_65_F,763,511,1357,1075
CCTV_FritosLyS_65_F_2023_08_17_180053.jpg,2048,1536,FritosSalLimon_65_F,884,517,1214,1048
CCTV_FritosLyS_65_F_2023_08_17_180056.jpg,2048,1536,FritosSalLimon_65_F,763,485,1333,1054
CCTV_FritosLyS_65_F_2023_08_17_180059.jpg,2048,1536,FritosSalLimon_65_F,733,615,1296,909
CCTV_FritosLyS_65_F_2023_08_17_180102.jpg,2048,1536,FritosSalLimon_65_F,726,515,1308,1085
CCTV_FritosLyS_65_F_2023_08_17_180105.jpg,2048,1536,FritosSalLimon_65_F,1322,117,1610,497
CCTV_FritosLyS_65_F_2023_08_17_180108.jpg,2048,1536,FritosSalLimon_65_F,1208,97,1698,483
CCTV_FritosLyS_65_F_2023_08_17_180111.jpg,2048,1536,FritosSalLimon_65_F,1245,162,1710,403
CCTV_FritosLyS_65_F_2023_08_17_180114.jpg,2048,1536,FritosSalLimon_65_F,1282,132,1737,497
CCTV_FritosLyS_65_F_2023_08_17_180117.jpg,2048,1536,FritosSalLimon_65_F,1377,111,1653,485
CCTV_FritosLyS_65_F_2023_08_17_180120.jpg,2048,1536,FritosSalLimon_65_F,1269,101,1757,471
CCTV_FritosLyS_65_F_2023_08_17_180123.jpg,2048,1536,FritosSalLimon_65_F,1263,158,1728,383
CCTV_FritosLyS_65_F_2023_08_17_180212.png,2048,1536,FritosSalLimon_65_F,81,800,588,1357
CCTV_FritosLyS_65_F_2023_08_17_180219.png,2048,1536,FritosSalLimon_65_F,1394,837,1698,1404
CCTV_FritosLyS_65_F_2023_08_17_180222.png,2048,1536,FritosSalLimon_65_F,1259,802,1830,1404
CCTV_FritosLyS_65_F_2023_08_17_180225.png,2048,1536,FritosSalLimon_65_F,1296,912,1851,1220
CCTV_FritosLyS_65_F_2023_08_17_180228.png,2048,1536,FritosSalLimon_65_F,1300,778,1855,1376
CCTV_Ruffles_48_F_2023_08_16_131233.jpg,2048,1536,RufflesQ_48_F,763,607,1157,1193
CCTV_Ruffles_48_F_2023_08_16_131241.jpg,2048,1536,RufflesQ_48_F,628,619,1292,1232
CCTV_Ruffles_48_F_2023_08_16_131244.jpg,2048,1536,RufflesQ_48_F,694,726,1298,1064
CCTV_Ruffles_48_F_2023_08_16_131246.jpg,2048,1536,RufflesQ_48_F,686,573,1328,1199
CCTV_Ruffles_48_F_2023_08_16_131249.jpg,2048,1536,RufflesQ_48_F,759,617,1139,1189
CCTV_Ruffles_48_F_2023_08_16_131252.jpg,2048,1536,RufflesQ_48_F,649,603,1314,1226
CCTV_Ruffles_48_F_2023_08_16_131255.jpg,2048,1536,RufflesQ_48_F,700,734,1310,1097
CCTV_Ruffles_48_F_2023_08_16_131258.jpg,2048,1536,RufflesQ_48_F,698,599,1353,1252
CCTV_Ruffles_48_F_2023_08_16_131308.jpg,2048,1536,RufflesQ_48_F,1406,826,1751,1411
CCTV_Ruffles_48_F_2023_08_16_131311.jpg,2048,1536,RufflesQ_48_F,1251,822,1873,1454
CCTV_Ruffles_48_F_2023_08_16_131314.jpg,2048,1536,RufflesQ_48_F,1279,913,1886,1342
CCTV_Ruffles_48_F_2023_08_16_131317.jpg,2048,1536,RufflesQ_48_F,1261,809,1869,1440
CCTV_Ruffles_48_F_2023_08_16_131320.jpg,2048,1536,RufflesQ_48_F,1430,830,1794,1422
CCTV_Ruffles_48_F_2023_08_16_131324.jpg,2048,1536,RufflesQ_48_F,1341,856,1926,1495
CCTV_Ruffles_48_F_2023_08_16_131327.jpg,2048,1536,RufflesQ_48_F,1347,891,1894,1256
CCTV_Ruffles_48_F_2023_08_16_131407.png,2048,1536,RufflesQ_48_F,163,178,655,565
CCTV_Ruffles_48_F_2023_08_16_131409.png,2048,1536,RufflesQ_48_F,220,261,694,498
CCTV_Ruffles_48_F_2023_08_16_131412.png,2048,1536,RufflesQ_48_F,251,171,688,598
CCTV_Ruffles_48_F_2023_08_16_131414.png,2048,1536,RufflesQ_48_F,247,202,614,618
CCTV_Ruffles_48_F_2023_08_16_131417.png,2048,1536,RufflesQ_48_F,165,196,677,649
CCTV_Sabritas 3T_2023_08_14_103912.jpg,2048,1536,Sabritas_45_F,243,524,598,1040
CCTV_Sabritas 3T_2023_08_14_103912.jpg,2048,1536,Sabritas_160_F,502,389,1102,1168
CCTV_Sabritas 3T_2023_08_14_103912.jpg,2048,1536,Sabritas_64_F,1026,509,1459,1162
CCTV_Sabritas 3T_2023_08_14_103917.jpg,2048,1536,Sabritas_64_F,553,250,1155,556
CCTV_Sabritas 3T_2023_08_14_103917.jpg,2048,1536,Sabritas_160_F,408,501,1206,1017
CCTV_Sabritas 3T_2023_08_14_103917.jpg,2048,1536,Sabritas_45_F,553,975,1163,1317
CCTV_Sabritas 3T_2023_08_14_103925.jpg,2048,1536,Sabritas_64_F,284,407,737,1001
CCTV_Sabritas 3T_2023_08_14_103925.jpg,2048,1536,Sabritas_160_F,633,383,1208,1164
CCTV_Sabritas 3T_2023_08_14_103925.jpg,2048,1536,Sabritas_45_F,1159,499,1500,1007
CCTV_Sabritas 3T_2023_08_14_103930.jpg,2048,1536,Sabritas_45_F,704,211,1206,438
CCTV_Sabritas 3T_2023_08_14_103930.jpg,2048,1536,Sabritas_160_F,577,395,1384,897
CCTV_Sabritas 3T_2023_08_14_103930.jpg,2048,1536,Sabritas_64_F,537,860,1253,1248
CCTV_Sabritas 3T_2023_08_14_103934.jpg,2048,1536,Sabritas_45_F,451,221,979,607
CCTV_Sabritas 3T_2023_08_14_103934.jpg,2048,1536,Sabritas_160_F,520,317,1424,989
CCTV_Sabritas 3T_2023_08_14_103934.jpg,2048,1536,Sabritas_64_F,835,632,1588,1334
CCTV_Sabritas 3T_2023_08_14_103938.jpg,2048,1536,Sabritas_45_F,363,572,920,1189
CCTV_Sabritas 3T_2023_08_14_103938.jpg,2048,1536,Sabritas_160_F,510,244,1328,1024
CCTV_Sabritas 3T_2023_08_14_103938.jpg,2048,1536,Sabritas_64_F,957,156,1588,740
CCTV_Sabritas 3T_2023_08_14_103942.jpg,2048,1536,Sabritas_64_F,335,195,967,756
CCTV_Sabritas 3T_2023_08_14_103942.jpg,2048,1536,Sabritas_160_F,490,322,1388,1162
CCTV_Sabritas 3T_2023_08_14_103942.jpg,2048,1536,Sabritas_45_F,920,648,1530,1281
CCTV_Sabritas 3T_2023_08_14_103946.jpg,2048,1536,Sabritas_64_F,355,489,922,1173
CCTV_Sabritas 3T_2023_08_14_103946.jpg,2048,1536,Sabritas_160_F,612,240,1422,1050
CCTV_Sabritas 3T_2023_08_14_103946.jpg,2048,1536,Sabritas_45_F,1096,266,1590,766
CCTV_Sabritas 3T_2023_08_14_155133.jpg,2048,1536,Sabritas_160_F,320,421,922,1166
CCTV_Sabritas 3T_2023_08_14_155133.jpg,2048,1536,Sabritas_64_F,879,472,1267,1105
CCTV_Sabritas 3T_2023_08_14_155133.jpg,2048,1536,Sabritas_45_F,1245,564,1588,1099
CCTV_Sabritas 3T_2023_08_14_155137.jpg,2048,1536,Sabritas_160_F,386,426,977,1158
CCTV_Sabritas 3T_2023_08_14_155137.jpg,2048,1536,Sabritas_64_F,928,454,1267,1075
CCTV_Sabritas 3T_2023_08_14_155137.jpg,2048,1536,Sabritas_45_F,1175,572,1514,1113
CCTV_Sabritas 3T_2023_08_14_155139.jpg,2048,1536,Sabritas_160_F,379,421,975,1158
CCTV_Sabritas 3T_2023_08_14_155139.jpg,2048,1536,Sabritas_64_F,922,458,1312,1085
CCTV_Sabritas 3T_2023_08_14_155139.jpg,2048,1536,Sabritas_45_F,1235,587,1584,1126
CCTV_Sabritas 3T_2023_08_14_155144.jpg,2048,1536,Sabritas_160_F,302,434,1184,1273
CCTV_Sabritas 3T_2023_08_14_155144.jpg,2048,1536,Sabritas_64_F,735,315,1377,954
CCTV_Sabritas 3T_2023_08_14_155144.jpg,2048,1536,Sabritas_45_F,1059,291,1573,834
CCTV_Sabritas 3T_2023_08_14_155148.jpg,2048,1536,Sabritas_160_F,453,689,1300,1270
CCTV_Sabritas 3T_2023_08_14_155148.jpg,2048,1536,Sabritas_64_F,573,434,1216,738
CCTV_Sabritas 3T_2023_08_14_155148.jpg,2048,1536,Sabritas_45_F,731,279,1249,503
CCTV_Sabritas 3T_2023_08_14_155151.jpg,2048,1536,Sabritas_45_F,463,248,1024,613
CCTV_Sabritas 3T_2023_08_14_155151.jpg,2048,1536,Sabritas_64_F,459,379,1122,924
CCTV_Sabritas 3T_2023_08_14_155151.jpg,2048,1536,Sabritas_160_F,524,556,1516,1413
CCTV_Sabritas 3T_2023_08_14_155155.jpg,2048,1536,Sabritas_45_F,418,407,728,903
CCTV_Sabritas 3T_2023_08_14_155155.jpg,2048,1536,Sabritas_64_F,669,379,984,1017
CCTV_Sabritas 3T_2023_08_14_155155.jpg,2048,1536,Sabritas_160_F,963,354,1496,1117
CCTV_Sabritas 3T_2023_08_14_155158.jpg,2048,1536,Sabritas_45_F,326,409,628,887
CCTV_Sabritas 3T_2023_08_14_155158.jpg,2048,1536,Sabritas_64_F,635,401,971,1032
CCTV_Sabritas 3T_2023_08_14_155158.jpg,2048,1536,Sabritas_160_F,928,362,1492,1126
CCTV_Sabritas 3T_2023_08_14_155201.png,2048,1536,Sabritas_64_F,479,453,1190,1059
CCTV_Sabritas 3T_2023_08_14_155201.png,2048,1536,Sabritas_160_F,708,186,1584,955
CCTV_Sabritas 3T_2023_08_14_155201.png,2048,1536,Sabritas_45_F,294,641,877,1249
CCTV_Sabritas 3T_2023_08_14_155204.png,2048,1536,Sabritas_160_F,598,204,1359,678
CCTV_Sabritas 3T_2023_08_14_155204.png,2048,1536,Sabritas_64_F,590,623,1267,973
CCTV_Sabritas 3T_2023_08_14_155204.png,2048,1536,Sabritas_45_F,539,945,1173,1308
CCTV_Sabritas 3T_2023_08_14_155208.png,2048,1536,Sabritas_160_F,349,176,1212,943
CCTV_Sabritas 3T_2023_08_14_155208.png,2048,1536,Sabritas_64_F,669,474,1379,1122
CCTV_Sabritas 3T_2023_08_14_155208.png,2048,1536,Sabritas_45_F,937,692,1557,1320
CCTV_Sabritas 3T_2023_08_14_155220.png,2048,1536,Sabritas_64_F,432,382,865,963
CCTV_Sabritas 3T_2023_08_14_155220.png,2048,1536,Sabritas_45_F,733,457,1090,976
CCTV_Sabritas 3T_2023_08_14_155220.png,2048,1536,Sabritas_160_F,984,361,1584,1094
CCTV_Sabritas 3T_2023_08_14_155223.png,2048,1536,Sabritas_64_F,632,390,1102,1008
CCTV_Sabritas 3T_2023_08_14_155223.png,2048,1536,Sabritas_45_F,965,488,1261,980
CCTV_Sabritas 3T_2023_08_14_155223.png,2048,1536,Sabritas_160_F,1116,341,1651,1116
CCTV_Sabritas 3T_2023_08_14_155227.png,2048,1536,Sabritas_64_F,579,398,1077,1033
CCTV_Sabritas 3T_2023_08_14_155227.png,2048,1536,Sabritas_45_F,975,490,1339,1035
CCTV_Sabritas 3T_2023_08_14_155227.png,2048,1536,Sabritas_160_F,1249,380,1806,1110
CCTV_Sabritas 3T_2023_08_14_155230.png,2048,1536,Sabritas_64_F,535,567,1302,1292
CCTV_Sabritas 3T_2023_08_14_155230.png,2048,1536,Sabritas_45_F,855,473,1465,1041
CCTV_Sabritas 3T_2023_08_14_155230.png,2048,1536,Sabritas_160_F,908,198,1749,886
CCTV_Sabritas 3T_2023_08_14_155234.png,2048,1536,Sabritas_64_F,671,747,1408,1233
CCTV_Sabritas 3T_2023_08_14_155234.png,2048,1536,Sabritas_45_F,853,588,1432,927
CCTV_Sabritas 3T_2023_08_14_155234.png,2048,1536,Sabritas_160_F,781,245,1532,641
CCTV_Sabritas 3T_2023_08_14_155237.png,2048,1536,Sabritas_64_F,624,827,1379,1343
CCTV_Sabritas 3T_2023_08_14_155237.png,2048,1536,Sabritas_45_F,816,565,1383,912
CCTV_Sabritas 3T_2023_08_14_155237.png,2048,1536,Sabritas_160_F,763,212,1510,641
CCTV_Sabritas 3T_2023_08_14_155240.png,2048,1536,Sabritas_160_F,463,157,1333,865
CCTV_Sabritas 3T_2023_08_14_155240.png,2048,1536,Sabritas_45_F,763,463,1367,1018
CCTV_Sabritas 3T_2023_08_14_155240.png,2048,1536,Sabritas_64_F,932,592,1661,1310
CCTV_Sabritas 3T_2023_08_14_155427.png,2048,1536,Sabritas_64_F,530,747,1308,1312
CCTV_Sabritas 3T_2023_08_14_155427.png,2048,1536,Sabritas_160_F,575,361,1486,1031
CCTV_Sabritas 3T_2023_08_14_155427.png,2048,1536,Sabritas_45_F,883,204,1432,569
CCTV_Sabritas 3T_2023_08_14_155430.png,2048,1536,Sabritas_45_F,733,231,1247,486
CCTV_Sabritas 3T_2023_08_14_155430.png,2048,1536,Sabritas_160_F,649,390,1449,957
CCTV_Sabritas 3T_2023_08_14_155430.png,2048,1536,Sabritas_64_F,733,784,1467,1263
CCTV_Sabritas 3T_2023_08_14_155433.png,2048,1536,Sabritas_45_F,512,231,1090,669
CCTV_Sabritas 3T_2023_08_14_155433.png,2048,1536,Sabritas_160_F,559,304,1479,1098
CCTV_Sabritas 3T_2023_08_14_155433.png,2048,1536,Sabritas_64_F,867,623,1639,1314
CCTV_Sabritas 3T_2023_08_14_155436.png,2048,1536,Sabritas_45_F,430,359,922,886
CCTV_Sabritas 3T_2023_08_14_155436.png,2048,1536,Sabritas_160_F,618,300,1418,1149
CCTV_Sabritas 3T_2023_08_14_155436.png,2048,1536,Sabritas_64_F,1126,512,1675,1196
CCTV_Sabritas 3T_2023_08_14_155439.png,2048,1536,Sabritas_45_F,483,508,828,1022
CCTV_Sabritas 3T_2023_08_14_155439.png,2048,1536,Sabritas_160_F,726,345,1328,1080
CCTV_Sabritas 3T_2023_08_14_155439.png,2048,1536,Sabritas_64_F,1228,425,1663,1022
CCTV_Sabritas 3T_2023_08_14_155442.png,2048,1536,Sabritas_45_F,473,580,1000,1204
CCTV_Sabritas 3T_2023_08_14_155442.png,2048,1536,Sabritas_160_F,633,294,1496,1092
CCTV_Sabritas 3T_2023_08_14_155442.png,2048,1536,Sabritas_64_F,1090,271,1690,845
CCTV_Sabritas 3T_2023_08_14_155445.png,2048,1536,Sabritas_45_F,551,700,1206,1298
CCTV_Sabritas 3T_2023_08_14_155445.png,2048,1536,Sabritas_160_F,600,296,1512,1069
CCTV_Sabritas 3T_2023_08_14_155445.png,2048,1536,Sabritas_64_F,935,184,1584,651
CCTV_Sabritas 3T_2023_08_14_155448.png,2048,1536,Sabritas_64_F,833,204,1420,502
CCTV_Sabritas 3T_2023_08_14_155448.png,2048,1536,Sabritas_160_F,659,376,1475,955
CCTV_Sabritas 3T_2023_08_14_155448.png,2048,1536,Sabritas_45_F,800,841,1414,1204
CCTV_Sabritas 3T_2023_08_14_155450.png,2048,1536,Sabritas_64_F,826,200,1426,492
CCTV_Sabritas 3T_2023_08_14_155450.png,2048,1536,Sabritas_160_F,632,392,1467,969
CCTV_Sabritas 3T_2023_08_14_155450.png,2048,1536,Sabritas_45_F,808,869,1428,1223
CCTV_Sabritas_160_F_2023_08_11_163913.jpg,2048,1536,Sabritas_160_F,622,436,1241,1268
CCTV_Sabritas_160_F_2023_08_11_163916.jpg,2048,1536,Sabritas_160_F,492,397,1467,1240
CCTV_Sabritas_160_F_2023_08_11_163919.jpg,2048,1536,Sabritas_160_F,577,495,1455,1036
CCTV_Sabritas_160_F_2023_08_11_163921.jpg,2048,1536,Sabritas_160_F,569,356,1516,1209
CCTV_Sabritas_160_F_2023_08_11_163923.jpg,2048,1536,Sabritas_160_F,857,358,1420,1134
CCTV_Sabritas_160_F_2023_08_11_163926.jpg,2048,1536,Sabritas_160_F,747,324,1602,1205
CCTV_Sabritas_160_F_2023_08_11_163928.jpg,2048,1536,Sabritas_160_F,804,499,1635,1024
CCTV_Sabritas_160_F_2023_08_11_163933.jpg,2048,1536,Sabritas_160_F,637,315,1577,1189
CCTV_Sabritas_160_F_2023_08_11_163936.jpg,2048,1536,Sabritas_160_F,1188,75,1726,650
CCTV_Sabritas_160_F_2023_08_11_163939.jpg,2048,1536,Sabritas_160_F,982,62,1704,679
CCTV_Sabritas_160_F_2023_08_11_163941.jpg,2048,1536,Sabritas_160_F,1059,75,1735,497
CCTV_Sabritas_160_F_2023_08_11_163944.jpg,2048,1536,Sabritas_160_F,1004,11,1749,624
CCTV_Sabritas_160_F_2023_08_11_163946.jpg,2048,1536,Sabritas_160_F,1155,38,1714,577
CCTV_Sabritas_160_F_2023_08_11_163949.jpg,2048,1536,Sabritas_160_F,1039,22,1739,589
CCTV_Sabritas_160_F_2023_08_11_163952.jpg,2048,1536,Sabritas_160_F,1055,58,1730,497
CCTV_Sabritas_160_F_2023_08_11_164025.png,2048,1536,Sabritas_160_F,4,529,853,1465
CCTV_Sabritas_160_F_2023_08_11_164027.png,2048,1536,Sabritas_160_F,71,559,692,1418
CCTV_Sabritas_160_F_2023_08_11_164029.png,2048,1536,Sabritas_160_F,2,494,847,1414
CCTV_Sabritas_160_F_2023_08_11_164031.png,2048,1536,Sabritas_160_F,1,651,830,1286
CCTV_Sabritas_160_F_2023_08_11_164043.png,2048,1536,Sabritas_160_F,1179,618,1979,1508
CCTV_Sabritas_45_F_2023_08_11_163500.jpg,2048,1536,Sabritas_45_F,1186,275,1543,705
CCTV_Sabritas_45_F_2023_08_11_163502.jpg,2048,1536,Sabritas_45_F,1096,266,1600,726
CCTV_Sabritas_45_F_2023_08_11_163505.jpg,2048,1536,Sabritas_45_F,1124,305,1626,613
CCTV_Sabritas_45_F_2023_08_11_163507.jpg,2048,1536,Sabritas_45_F,1155,236,1665,707
CCTV_Sabritas_45_F_2023_08_11_163509.jpg,2048,1536,Sabritas_45_F,1318,234,1633,668
CCTV_Sabritas_45_F_2023_08_11_163512.jpg,2048,1536,Sabritas_45_F,1257,240,1712,683
CCTV_Sabritas_45_F_2023_08_11_163514.jpg,2048,1536,Sabritas_45_F,1247,317,1751,577
CCTV_Sabritas_45_F_2023_08_11_163517.jpg,2048,1536,Sabritas_45_F,1271,232,1757,679
CCTV_Sabritas_45_F_2023_08_11_163521.jpg,2048,1536,Sabritas_45_F,404,221,777,638
CCTV_Sabritas_45_F_2023_08_11_163524.jpg,2048,1536,Sabritas_45_F,281,195,826,650
CCTV_Sabritas_45_F_2023_08_11_163526.jpg,2048,1536,Sabritas_45_F,314,277,818,526
CCTV_Sabritas_45_F_2023_08_11_163528.jpg,2048,1536,Sabritas_45_F,320,183,843,640
CCTV_Sabritas_45_F_2023_08_11_163530.jpg,2048,1536,Sabritas_45_F,379,193,745,613
CCTV_Sabritas_45_F_2023_08_11_163532.jpg,2048,1536,Sabritas_45_F,300,160,847,615
CCTV_Sabritas_45_F_2023_08_11_163534.jpg,2048,1536,Sabritas_45_F,341,260,847,513
CCTV_Sabritas_45_F_2023_08_11_163607.png,2048,1536,Sabritas_45_F,761,365,1328,923
CCTV_Sabritas_45_F_2023_08_11_163609.png,2048,1536,Sabritas_45_F,869,380,1222,871
CCTV_Sabritas_45_F_2023_08_11_163614.png,2048,1536,Sabritas_45_F,835,453,1386,749
CCTV_Sabritas_45_F_2023_08_11_163616.png,2048,1536,Sabritas_45_F,849,355,1424,912
CCTV_Sabritas_45_F_2023_08_11_163619.png,2048,1536,Sabritas_45_F,241,680,855,1290
CCTV_Sabritas_64_F_2023_08_11_161629.jpg,2048,1536,Sabritas_64_F,918,409,1335,993
CCTV_Sabritas_64_F_2023_08_11_161634.jpg,2048,1536,Sabritas_64_F,488,356,906,940
CCTV_Sabritas_64_F_2023_08_11_161638.jpg,2048,1536,Sabritas_64_F,549,726,1243,1242
CCTV_Sabritas_64_F_2023_08_11_161641.jpg,2048,1536,Sabritas_64_F,849,324,1335,956
CCTV_Sabritas_64_F_2023_08_11_161645.jpg,2048,1536,Sabritas_64_F,335,168,957,564
CCTV_Sabritas_64_F_2023_08_11_161649.jpg,2048,1536,Sabritas_64_F,800,911,1520,1385
CCTV_Sabritas_64_F_2023_08_11_161652.jpg,2048,1536,Sabritas_64_F,796,601,1310,1324
CCTV_Sabritas_64_F_2023_08_11_161654.jpg,2048,1536,Sabritas_64_F,969,550,1384,1207
CCTV_Sabritas_64_F_2023_08_11_161657.jpg,2048,1536,Sabritas_64_F,830,493,1249,1140
CCTV_Sabritas_64_F_2023_08_11_161701.jpg,2048,1536,Sabritas_64_F,877,236,1333,770
CCTV_Sabritas_64_F_2023_08_11_161704.jpg,2048,1536,Sabritas_64_F,484,668,1281,1358
CCTV_Sabritas_64_F_2023_08_11_161710.jpg,2048,1536,Sabritas_64_F,1263,364,1645,954
CCTV_Sabritas_64_F_2023_08_11_161712.jpg,2048,1536,Sabritas_64_F,508,548,920,1230
CCTV_Sabritas_64_F_2023_08_11_161717.jpg,2048,1536,Sabritas_64_F,918,217,1543,775
CCTV_Sabritas_64_F_2023_08_11_161719.jpg,2048,1536,Sabritas_64_F,833,68,1447,497
CCTV_Sabritas_64_F_2023_08_11_161750.png,2048,1536,Sabritas_64_F,1159,827,1779,1536
CCTV_Sabritas_64_F_2023_08_11_161813.png,2048,1536,Sabritas_64_F,928,402,1612,969
CCTV_Sabritas_64_F_2023_08_11_161818.png,2048,1536,Sabritas_64_F,657,163,1241,490
CCTV_Sabritas_64_F_2023_08_11_161820.png,2048,1536,Sabritas_64_F,912,157,1524,669
CCTV_Sabritas_64_F_2023_08_11_161824.png,2048,1536,Sabritas_64_F,1335,359,1869,922
CCTV_SixPack_2023_08_17_182107.jpg,2048,1536,RufflesQ_48_F,153,736,484,1295
CCTV_SixPack_2023_08_17_182107.jpg,2048,1536,Rancheritos_58_F,461,742,771,1307
CCTV_SixPack_2023_08_17_182107.jpg,2048,1536,DoritosN_61_F,743,744,1082,1360
CCTV_SixPack_2023_08_17_182107.jpg,2048,1536,Churrumais_70_F,1057,785,1375,1370
CCTV_SixPack_2023_08_17_182107.jpg,2048,1536,CheetosTorciditos_55_F,1341,762,1633,1340
CCTV_SixPack_2023_08_17_182107.jpg,2048,1536,FritosSalLimon_65_F,1600,801,1861,1342
CCTV_SixPack_2023_08_17_182112.jpg,2048,1536,FritosSalLimon_65_F,190,740,506,1273
CCTV_SixPack_2023_08_17_182112.jpg,2048,1536,RufflesQ_48_F,477,758,777,1344
CCTV_SixPack_2023_08_17_182112.jpg,2048,1536,Rancheritos_58_F,759,760,1073,1342
CCTV_SixPack_2023_08_17_182112.jpg,2048,1536,DoritosN_61_F,1051,764,1375,1366
CCTV_SixPack_2023_08_17_182112.jpg,2048,1536,Churrumais_70_F,1371,797,1645,1356
CCTV_SixPack_2023_08_17_182112.jpg,2048,1536,CheetosTorciditos_55_F,1612,764,1890,1307
CCTV_SixPack_2023_08_17_182119.jpg,2048,1536,CheetosTorciditos_55_F,233,781,531,1350
CCTV_SixPack_2023_08_17_182119.jpg,2048,1536,FritosSalLimon_65_F,500,785,810,1322
CCTV_SixPack_2023_08_17_182119.jpg,2048,1536,RufflesQ_48_F,753,791,1100,1373
CCTV_SixPack_2023_08_17_182119.jpg,2048,1536,Rancheritos_58_F,1037,781,1386,1342
CCTV_SixPack_2023_08_17_182119.jpg,2048,1536,DoritosN_61_F,1331,770,1673,1346
CCTV_SixPack_2023_08_17_182119.jpg,2048,1536,Churrumais_70_F,1630,781,1920,1305
CCTV_SixPack_2023_08_17_182126.jpg,2048,1536,Churrumais_70_F,212,791,512,1332
CCTV_SixPack_2023_08_17_182126.jpg,2048,1536,CheetosTorciditos_55_F,488,787,769,1375
CCTV_SixPack_2023_08_17_182126.jpg,2048,1536,FritosSalLimon_65_F,749,781,1039,1342
CCTV_SixPack_2023_08_17_182126.jpg,2048,1536,RufflesQ_48_F,986,797,1369,1366
CCTV_SixPack_2023_08_17_182126.jpg,2048,1536,Rancheritos_58_F,1284,762,1661,1303
CCTV_SixPack_2023_08_17_182126.jpg,2048,1536,DoritosN_61_F,1584,754,1941,1303
CCTV_SixPack_2023_08_17_182131.jpg,2048,1536,DoritosN_61_F,304,752,659,1322
CCTV_SixPack_2023_08_17_182131.jpg,2048,1536,Churrumais_70_F,614,789,906,1364
CCTV_SixPack_2023_08_17_182131.jpg,2048,1536,CheetosTorciditos_55_F,882,787,1171,1364
CCTV_SixPack_2023_08_17_182131.jpg,2048,1536,FritosSalLimon_65_F,1139,773,1373,1326
CCTV_SixPack_2023_08_17_182131.jpg,2048,1536,RufflesQ_48_F,1328,785,1681,1346
CCTV_SixPack_2023_08_17_182131.jpg,2048,1536,Rancheritos_58_F,1602,744,1953,1268
CCTV_SixPack_2023_08_17_182136.jpg,2048,1536,Rancheritos_58_F,286,724,620,1287
CCTV_SixPack_2023_08_17_182136.jpg,2048,1536,DoritosN_61_F,594,748,916,1336
CCTV_SixPack_2023_08_17_182136.jpg,2048,1536,Churrumais_70_F,888,781,1190,1360
CCTV_SixPack_2023_08_17_182136.jpg,2048,1536,CheetosTorciditos_55_F,1155,785,1473,1354
CCTV_SixPack_2023_08_17_182136.jpg,2048,1536,FritosSalLimon_65_F,1406,768,1684,1315
CCTV_SixPack_2023_08_17_182136.jpg,2048,1536,RufflesQ_48_F,1590,752,1939,1307
CCTV_SixPack_2023_08_17_182148.jpg,2048,1536,CheetosTorciditos_55_F,788,401,1088,895
CCTV_SixPack_2023_08_17_182148.jpg,2048,1536,FritosSalLimon_65_F,1067,432,1361,926
CCTV_SixPack_2023_08_17_182148.jpg,2048,1536,RufflesQ_48_F,1318,438,1692,926
CCTV_SixPack_2023_08_17_182148.jpg,2048,1536,Rancheritos_58_F,675,856,1079,1466
CCTV_SixPack_2023_08_17_182148.jpg,2048,1536,DoritosN_61_F,1047,897,1424,1509
CCTV_SixPack_2023_08_17_182148.jpg,2048,1536,Churrumais_70_F,1408,901,1704,1470
CCTV_SixPack_2023_08_17_182159.jpg,2048,1536,FritosSalLimon_65_F,745,403,1041,875
CCTV_SixPack_2023_08_17_182159.jpg,2048,1536,RufflesQ_48_F,1020,399,1331,883
CCTV_SixPack_2023_08_17_182159.jpg,2048,1536,Churrumais_70_F,1318,438,1647,893
CCTV_SixPack_2023_08_17_182159.jpg,2048,1536,CheetosTorciditos_55_F,679,854,1016,1450
CCTV_SixPack_2023_08_17_182159.jpg,2048,1536,Rancheritos_58_F,998,856,1349,1444
CCTV_SixPack_2023_08_17_182159.jpg,2048,1536,DoritosN_61_F,1339,891,1647,1452
CCTV_SixPack_2023_08_17_182335.jpg,2048,1536,FritosSalLimon_65_F,265,530,757,793
CCTV_SixPack_2023_08_17_182335.jpg,2048,1536,Rancheritos_58_F,739,507,1267,801
CCTV_SixPack_2023_08_17_182335.jpg,2048,1536,CheetosTorciditos_55_F,1263,552,1757,817
CCTV_SixPack_2023_08_17_182335.jpg,2048,1536,RufflesQ_48_F,200,760,726,1117
CCTV_SixPack_2023_08_17_182335.jpg,2048,1536,DoritosN_61_F,704,795,1308,1134
CCTV_SixPack_2023_08_17_182335.jpg,2048,1536,Churrumais_70_F,1275,819,1786,1095
CCTV_SixPack_2023_08_17_182341.jpg,2048,1536,CheetosTorciditos_55_F,304,524,786,783
CCTV_SixPack_2023_08_17_182341.jpg,2048,1536,FritosSalLimon_65_F,773,519,1310,809
CCTV_SixPack_2023_08_17_182341.jpg,2048,1536,Rancheritos_58_F,1298,530,1812,824
CCTV_SixPack_2023_08_17_182341.jpg,2048,1536,Churrumais_70_F,245,775,743,1072
CCTV_SixPack_2023_08_17_182341.jpg,2048,1536,RufflesQ_48_F,731,772,1316,1138
CCTV_SixPack_2023_08_17_182341.jpg,2048,1536,DoritosN_61_F,1304,819,1845,1140
CCTV_SixPack_2023_08_17_182402.jpg,2048,1536,CheetosTorciditos_55_F,847,309,1357,556
CCTV_SixPack_2023_08_17_182402.jpg,2048,1536,Rancheritos_58_F,494,493,1047,766
CCTV_SixPack_2023_08_17_182402.jpg,2048,1536,DoritosN_61_F,463,760,1055,1095
CCTV_SixPack_2023_08_17_182402.jpg,2048,1536,Churrumais_70_F,733,1056,1333,1401
CCTV_SixPack_2023_08_17_182402.jpg,2048,1536,RufflesQ_48_F,1088,768,1675,1109
CCTV_SixPack_2023_08_17_182402.jpg,2048,1536,FritosSalLimon_65_F,1106,530,1641,791
